text,label,notes
Jokic averaged 29/13/8 against top defenses this season.,analysis,
The Celtics switch-heavy defense works because every starter can guard multiple positions.,analysis,
Denver's offense stays elite because Jokic creates open looks from the high post.,analysis,
Teams that double-team Luka too aggressively often give up open corner threes.,analysis,
Boston's spacing forces defenders into difficult rotations.,analysis,
The Nuggets generate efficient offense through Jokic's passing.,analysis,
The Thunder's transition game creates easy scoring opportunities.,analysis,
Anthony Edwards is already better than prime James Harden.,hot_take,
The Thunder will win the next three championships.,hot_take,
Luka is the greatest offensive player ever.,hot_take,
Wembanyama will retire as the GOAT.,hot_take,
The Lakers should trade everyone except LeBron.,hot_take,
SGA is already better than Steph Curry ever was.,hot_take,
No team will beat OKC for the next five years.,hot_take,
WHAT A SHOT!!!,reaction,
We are so back!,reaction,
I can't believe we blew that lead again.,reaction,
This game is absolutely insane.,reaction,
No way that just happened.,reaction,
That dunk was ridiculous!,reaction,
I'm sick right now.,reaction,
"Tatum's usage rate drops significantly in late-game situations, which explains his inconsistent playoff scoring numbers.",analysis,
The Warriors' dynasty was built on ball movement — they averaged the most passes per game of any title team since 2010.,analysis,
OKC's net rating improves by +9 when SGA is paired with Dort on the floor simultaneously.,analysis,
"Historically, teams that rank top-5 in defensive rating win the championship roughly 70% of the time.",analysis,
Jalen Brunson's true shooting percentage has jumped 4 points each of the last two seasons — that's not random noise.,analysis,
"The Heat's zone defense forces opponents into mid-range shots, the lowest-value shot in the modern game.",analysis,
Wembanyama's block rate in pick-and-roll coverage is nearly double the next best big man this season.,analysis,
Minnesota's offense stalls in the half court because they have zero shooters at the 4 who can stretch the floor.,analysis,
"Since 2015, teams with a top-3 assist rate have averaged 3.2 more wins than teams at the bottom third.",analysis,
LeBron's assist-to-turnover ratio in the playoffs is elite — 4.1 to 1 over his last five postseason runs.,analysis,
"The Clippers' injury-adjusted net rating is actually top-4 in the West, which the raw standings don't show.",analysis,
Kyrie's effective field goal percentage is significantly worse when he's the primary ball handler versus off-ball.,analysis,
Golden State's dynasty era coincided with the highest pace in NBA history — their stats need pace adjustment to compare fairly.,analysis,
Teams that go small in the fourth quarter actually give up more points per possession against physical bigs.,analysis,
Cade Cunningham's pick-and-roll efficiency ranks in the 88th percentile among guards — he's quietly elite.,analysis,
"Denver scores 12 fewer points per 100 possessions when Jokic sits, the largest single-player impact in the league.",analysis,
The NBA's pace increase since 2015 inflates counting stats — Wilt's per-game numbers need pace context.,analysis,
OKC has the youngest roster to reach +8 net rating since the 2012 Thunder — the parallel goes deeper than people think.,analysis,
Draymond's defensive RAPTOR is still top-10 in the league despite the age decline in his offensive game.,analysis,
"Boston's three-point rate is the highest of any champion since 2016, which tells you where the league is headed.",analysis,
"Miami's playoff series wins correlate strongly with Butler's usage rate — when he's at 30%+, they're 8-2 in series.",analysis,
"Luka's turnovers per game spike in the fourth quarter of close games, which is why Dallas struggles to close.",analysis,
"The Thunder's bench scoring is 4th in the league, which explains how they stay competitive even in SGA's off nights.",analysis,
Bam Adebayo's assist rate from the elbow is comparable to stretch-4 playmakers despite his traditional PF body.,analysis,
"Since 2018, every team that made the Finals had a top-6 rebounding rate — it's the most underrated Finals predictor.",analysis,
Ja Morant's gravity creates more open looks for teammates than his actual scoring numbers suggest.,analysis,
"The Knicks' transition defense is bottom-5, which is the main reason they struggle against fast-paced teams.",analysis,
"Per possession, Embiid is actually more efficient than prime Shaq — people forget Shaq played in a slower era.",analysis,
Phoenix's offensive rating collapsed 11 points when they traded CP3 — the playmaking vacuum was never filled.,analysis,
Anthony Davis's on/off splits are the most extreme of any star big man — the Lakers are a totally different team without him.,analysis,
Jaren Jackson Jr.'s defensive versatility grade is the highest in the league this season across both rim protection and perimeter coverage.,analysis,
"The Celtics' clutch-time net rating is +14.2 this season, historically a strong predictor of playoff success.",analysis,
"Tyrese Haliburton's assists-to-potential-assist rate is 94%, highest in the league — he barely misses open teammates.",analysis,
"Giannis's three-point attempts have tripled since 2020, but his percentage hasn't kept pace — the attempts are forced.",analysis,
"Sacramento's defensive rating under De'Aaron Fox's contract extension actually worsened, suggesting the problem is structural not talent.",analysis,
The Heat have won more playoff series as a 5-8 seed than any franchise in NBA history — their culture is quantifiably real.,analysis,
"Scoot Henderson's turnover rate on pick-and-roll is 18%, which is why his efficiency looks worse than his athleticism suggests.",analysis,
"Both times Golden State won back-to-back titles, their defensive rating led the league in the regular season.",analysis,
Nikola Jokic has the highest career PER for a center in NBA history — the GOAT center debate isn't as close as the narratives suggest.,analysis,
"The Lakers are 22-8 when both LeBron and AD play 30+ minutes — their problem is health, not fit.",analysis,
"Jaylen Brown's shot quality metrics have improved every year — his efficiency gains aren't fluky, they reflect real development.",analysis,
"Portland's draft efficiency since 2019 ranks last in the NBA — the rebuild is structural, not just bad luck.",analysis,
"Every Suns lineup with KD and Booker together has a positive net rating — their fit is real, the surrounding cast is the problem.",analysis,
OKC's schedule-adjusted SRS is the best in the West — they've earned their record against quality competition.,analysis,
The three-point line has devalued mid-range shooting so much that players who rely on it average 2-3 fewer points per game than comparable era players did.,analysis,
Steph Curry's off-ball movement creates more open looks for teammates than any other player — his gravity is statistically measurable.,analysis,
Memphis's rebuild stalled because they prioritized athleticism over shooting in the draft — their spacing metrics are bottom-3.,analysis,
The Bucks' offensive efficiency with Giannis at the 5 in small-ball lineups is top-2 in the league this season.,analysis,
Mikal Bridges's defensive rating has actually declined since the trade — he's being asked to do more offensively at the cost of his elite defensive focus.,analysis,
Trae Young's playoff net rating is -6.1 for his career — he's the biggest regular-season-to-playoffs drop-off in the league.,analysis,
"Indiana's offensive rebounding rate under Carlisle is top-3, which directly explains their transition offense efficiency.",analysis,
The Warriors dynasty collapsed the year their bench shooting dropped from top-3 to bottom-10 — depth matters more than stars.,analysis,
Scottie Barnes's playmaking metrics at 22 are better than Pascal Siakam's were at the same age.,analysis,
The NBA's MVP award has gone to a player on the top seed 60% of the time since 2010 — narrative voters over-index on team success.,analysis,
Victor Wembanyama's post-entry passing grade is 92nd percentile among bigs — his skill set genuinely has no historical comparison.,analysis,
Detroit's rebuild is actually ahead of schedule — their young core's net rating has improved 7 points over two seasons.,analysis,
The East has produced more Finals teams than the West since 2020 — the 'weak East' narrative is three years out of date.,analysis,
Celtics opponents shoot 6% worse from three when Jrue Holiday is the primary defender — he's the most underrated defender in the league.,analysis,
"Luka Doncic's fourth-quarter scoring is 8th in the league, not top-3 — the clutch narrative is ahead of the data.",analysis,
"OKC's point differential in games decided by 5 or fewer is +4.1, best in the NBA — they've earned every close win.",analysis,
"The Clippers' reliance on isolation offense ranks them bottom-5 in shot quality, which limits their ceiling against elite defenses.",analysis,
Chicago's rebuild collapsed because they kept chasing 8-seeds instead of bottoming out — the opportunity cost is massive.,analysis,
Paolo Banchero's assist rate has doubled since his rookie year — he's becoming a legitimate playmaking 4.,analysis,
Steph Curry wouldn't average 20 points in the 90s. The three-point line saved his career.,hot_take,
KD is soft. Any player who joins a 73-win team doesn't deserve to be called a champion.,hot_take,
LeBron's rings mean nothing because he always chased teammates. Jordan built his.,hot_take,
The NBA is unwatchable now. It's just a three-point shooting contest with no defense.,hot_take,
Giannis is the most overrated MVP winner of the last decade. Easy to dominate when no one can guard you physically.,hot_take,
"Jokic wins MVPs because media voters don't watch games, they just look at box scores.",hot_take,
Wembanyama is overhyped. He's too skinny to matter in the playoffs when it gets physical.,hot_take,
SGA is a stat-padder on a bad team. Put him on the Celtics and no one talks about him.,hot_take,
The refs decide more games than the players do at this point. The fix is in.,hot_take,
Tatum will never be a champion because he's not mentally tough enough when it matters.,hot_take,
The league was better in the 80s and 90s. These modern players would get eaten alive.,hot_take,
Load management is ruining the NBA. Real players play through pain.,hot_take,
Kyrie Irving is the most skilled player since Kobe and it's not close.,hot_take,
The East is still a joke. Any Western team drops into the East and wins the conference.,hot_take,
Ja Morant is the most exciting player in the league and anyone who disagrees doesn't actually watch basketball.,hot_take,
Luka is a crybaby who won't win a ring because he can't lead a team culture.,hot_take,
"The Warriors dynasty ended because Draymond is a cancer in the locker room, full stop.",hot_take,
Any team with Kyrie in a must-win game will lose. It's just a fact at this point.,hot_take,
The MVP award is a joke now. It just goes to whoever has the best PR team.,hot_take,
Modern bigs couldn't guard Hakeem. Jokic gets 40 a game in the 90s.,hot_take,
Embiid will never win a title. He's built to disappear in the playoffs.,hot_take,
Dame Lillard wasted his prime years being loyal to Portland. That's on him.,hot_take,
The Clippers are a fraudulent organization and always will be.,hot_take,
OKC's success is just regular season smoke and mirrors. They'll fold in the playoffs.,hot_take,
Ben Simmons is the biggest bust in NBA history and it's not even a debate.,hot_take,
The NBA is scripted. They need big market teams in the Finals for ratings.,hot_take,
Zion Williamson is allergic to staying healthy and that's a character issue not a medical one.,hot_take,
Melo was soft and that's why he never won. Talent is useless without a winning mentality.,hot_take,
Anyone who thinks Jokic is more skilled than prime Kobe has never actually watched Kobe.,hot_take,
The Knicks have the best fanbase in sports and deserve to be contenders. The league owes them.,hot_take,
LeBron's move to LA was purely about Hollywood and it killed any remaining GOAT argument.,hot_take,
Defensive Player of the Year has been a popularity contest for fifteen years.,hot_take,
Nobody on OKC is making an All-Star team if they played in the East. The West carries this league.,hot_take,
Bron and AD are done. That era is over and the Lakers need to blow it up immediately.,hot_take,
"The Suns are cursed. No matter what they build, they will find a way to fail.",hot_take,
College basketball is more competitive than the NBA now and I'll die on this hill.,hot_take,
The dunk contest is dead and Adam Silver doesn't have the guts to fix it.,hot_take,
Playoff Rondo was better than regular-season Steph. I stand by this.,hot_take,
Any team built around a center cannot win a championship in 2025. The era of bigs is over.,hot_take,
Shaq was the most dominant player ever and the only reason he doesn't have six rings is Kobe.,hot_take,
KD's decision to go to Brooklyn was the most selfish thing a star player has done in 30 years.,hot_take,
"The 2016 Warriors collapse is the biggest choke in sports history, not just NBA history.",hot_take,
The officiating in this league is so inconsistent it's basically a different sport every game.,hot_take,
Sabonis is criminally underrated because he plays in Sacramento where nobody is watching.,hot_take,
Jordan in today's NBA averages 45 points a game minimum. It's not a debate.,hot_take,
The league needs a hard cap. Superteams are killing competitive basketball.,hot_take,
Every team Kyrie has been on gets worse the moment they realize who he really is.,hot_take,
The Celtics will choke this year too. It's in their DNA at this point.,hot_take,
Trae Young is the most overrated player in the league. The stats are empty calories.,hot_take,
James Harden is the greatest offensive innovator of his generation and nobody gives him credit.,hot_take,
The Warriors need to fully rebuild and stop pretending Steph can carry another title run.,hot_take,
The entire 2007 Eastern Conference was weaker than a modern G League team.,hot_take,
Carmelo Anthony deserved at least one ring. The league failed him with bad teammates.,hot_take,
Bam Adebayo is the most complete two-way player in the league and nobody talks about it.,hot_take,
The NBA All-Star game is an embarrassment and should be replaced with a skills showcase.,hot_take,
Every guard who ever played point guard thinks they're a point guard now. The position is dead.,hot_take,
DeRozan in his prime was more consistent than Kobe in his prime. Numbers don't lie.,hot_take,
Chris Paul's playoff failures reveal a fundamental inability to perform under maximum pressure.,hot_take,
BRO HE JUST CROSSED HIM OUT OF HIS SHOES I CANNOT BREATHE,reaction,
That's it. Season over. I'm not watching another game this year.,reaction,
Did you see that block?? That should not be physically possible.,reaction,
I've never screamed that loud at my TV in my entire life.,reaction,
We're really doing this. We're actually doing this.,reaction,
How is that not a foul??? How??? Someone explain this to me.,reaction,
I turned the game off and we came back. I'm never watching another Knicks game live.,reaction,
This crowd is ELECTRIC right now. The building is shaking.,reaction,
He just posted 50/15/10. In the PLAYOFFS. What am I watching.,reaction,
I've been a fan for 20 years and I have never felt this way after a win.,reaction,
Trade announced and I'm literally shaking. Can't believe this is real.,reaction,
That was the greatest basketball game I've ever watched. No notes.,reaction,
I just want everyone to know I called this OT before the fourth quarter even started.,reaction,
He DUNKED ON THREE PEOPLE. THREE.,reaction,
The whole city is going crazy right now. I'm so happy I could cry.,reaction,
I can't even type right now. We won. WE WON.,reaction,
This feels like a dream. Someone pinch me.,reaction,
My heart literally cannot take this game. I need a doctor.,reaction,
FINAL SECONDS AND HE PULLS UP FROM HALFCOURT. GOOD. I'M DECEASED.,reaction,
Woke up to the trade news. Genuinely stunned. Don't know how to feel.,reaction,
That's the most disrespectful dunk I've ever seen in my life.,reaction,
We gave up a 20-point lead in the fourth again. I'm begging. I'm on my knees begging.,reaction,
Every single person in this arena is on their feet. What a moment.,reaction,
He just dropped 52. On 68% shooting. In a playoff elimination game. I'm not okay.,reaction,
Injury news just dropped and I feel physically ill. Please let it be minor.,reaction,
That's the play of the year. Maybe the decade. I need to watch it 50 more times.,reaction,
Overtime. Again. This team is going to kill me and I deserve it for watching.,reaction,
The shot went in. I screamed. My neighbor called to check if I was okay.,reaction,
This roster move makes zero sense and I need someone to explain it to me right now.,reaction,
Can't stop smiling. First playoff win in seven years. This actually happened.,reaction,
He just hit four threes in a row and the arena is losing its mind.,reaction,
That foul call ended the game. I'm physically upset. I need to go for a walk.,reaction,
Game 7 on the road and they HELD ON. I've never been so stressed and so happy at the same time.,reaction,
The buzzer went off and I just sat there in silence for five minutes.,reaction,
Down 3-1 and they came back. This team is different. I believe now.,reaction,
He posted a triple-double in 28 minutes off the bench. I don't understand what I just saw.,reaction,
Free throw with 1.2 seconds left. I couldn't watch. I had to watch. He made it.,reaction,
The trade rumors were real. It's official. I genuinely don't know what to say.,reaction,
That's an all-time poster. Frame it. Put it in a museum.,reaction,
Our closer missed two free throws at the end again and I need everyone to leave me alone.,reaction,
Walk-off shot. Building erupted. I've watched the clip 12 times already.,reaction,
That's back-to-back 40-point games in the playoffs. Someone check on the other team.,reaction,
Series over and I just want to say I'm proud of this team. They gave everything.,reaction,
He just won Rookie of the Year and he's 19. I feel old and amazed at the same time.,reaction,
THE BLOCK. THE STEAL. THE LAYUP. ALL OF IT IN THE LAST 12 SECONDS. I'M DONE.,reaction,
Down 18 with 7 minutes left. And we won. HOW.,reaction,
Contract extension announced and the whole fanbase just exhaled at the same time.,reaction,
That's the most clutch shot I've seen this season. Unbelievable.,reaction,
Our bench outscored their starters by 30. I've never seen anything like it.,reaction,
Championship parade is tomorrow and it still doesn't feel real.,reaction,
Lost in 5 and I'm not even mad. That was a good series. They were just better.,reaction,
"He looked at the defender, smiled, then did it anyway. I love this league.",reaction,
Draft pick just worked out and I need everyone to know I said he was special two years ago.,reaction,
Just got home from the game. My voice is gone. Worth it.,reaction,
That game just made me remember why I started watching basketball 25 years ago.,reaction,
He's crying on the court after the game. I'm crying on my couch. We're all crying.,reaction,
First championship in franchise history and I don't know what to do with myself.,reaction,
GOODNIGHT. IT'S OVER. I'M GOING TO BED. WE WON.,reaction,
